<?xml version="1.0" encoding="UTF-8" ?>
<feedback>
  <report_metadata>
    <org_name>emailsrvr.com</org_name>
    <email>dmarc_reports@emailsrvr.com</email>
    <extra_contact_info>http://emailsrvr.com</extra_contact_info>
    <report_id>8098bbb4-0ce7-4203-88c0-072acb2f0765</report_id>
    <date_range>
      <begin>1526860800</begin>
      <end>1526947200</end>
    </date_range>
  </report_metadata>
  <policy_published>
    <domain>Test.com</domain>
    <adkim>r</adkim>
    <aspf>r</aspf>
    <p>none</p>
    <sp>none</sp>
    <pct>100</pct>
  </policy_published>
  <record>
   <row>
     <source_ip>100.137.237.121</source_ip>
     <count>1</count>
     <policy_evaluated>
       <disposition>none</disposition>
       <dkim>fail</dkim>
       <spf>fail</spf>
     </policy_evaluated>
   </row>
   <identifiers>
     <header_from>Test.com</header_from>
   </identifiers>
   <auth_results>
     <spf>
       <domain>Test.com</domain>
       <result>neutral</result>
     </spf>
     <dkim>
       <domain>rediffmailpro.com</domain>
       <result>pass</result>
     </dkim>
   </auth_results>
  </record>
</feedback>
